parameter,result_index,csv_line,rms_xyz_difference,max_xyz_difference,final_x_original,final_y_original,final_z_original,final_x_learned,final_y_learned,final_z_learned
best_error_learned_invalid_region,27,29,5.6127051887054416,6.290292073885115,4.319833860660597,4.487008738314606,2.7620146050771126,8.198326897197486,0.007788712345292,2.8769382287269885
best_valid_learned_region_2805262,20,22,3.379106262755303,3.9637737766812036,4.319833860660597,4.487008738314606,2.7620146050771126,1.3659699409179824,2.2121538604515343,3.0422561469816487
