n_runs,data_type,feature_map,adam_steps,lr_adam,lbfgs_max_iter,hidden_width,hidden_depth,omega0,n_features,a_max,rbf_width,spline_knots,L_np,U_np,Th_np,Tfinal,n_timepoints,Hill_IC,numPoints1,numPoints2,numPoints3,numPoints4,xMax,yMax,relTol,absTol
1,Hill,fourier,10000,0.001,5000,100,8,30,16,10,0.1,32,"[[0.0, 0.8211503985617322], [0.24901535475791545, 0.0]]","[[0.0, 2.669504391101378], [0.9296486463794461, 0.0]]","[[0.0, 0.4104238899214136], [0.8362382242061891, 0.0]]",20,1000,1,,,,,1.3,1.3,,
1,dsgrn,fourier,10000,0.001,5000,100,8,30,16,10,0.1,32,"[[0.0, 0.367328047009349], [0.49661430752320324, 0.0]]","[[0.0, 3.088274301043189], [1.4273422391268027, 0.0]]","[[0.0, 0.8814631534232857], [1.1985093828730544, 0.0]]",20,1000,1,1.0,1.0,1.0,1.0,1.5,1.5,,
1,dsgrn,fourier,10000,0.001,5000,100,8,30,16,10,0.1,32,"[[0.0, 0.06047358252456726], [0.030018071030369384, 0.0]]","[[0.0, 1.281238948443155], [0.8270583113889551, 0.0]]","[[0.0, 0.6312957355156195], [0.37086650773085794, 0.0]]",20,1000,1,1.0,1.0,1.0,1.0,1.5,1.5,,
1,dsgrn,fourier,10000,0.001,5000,100,8,30,16,10,0.1,32,"[[0.0, 0.14934627970567876], [0.30551900540567684, 0.0]]","[[0.0, 1.92355735047178], [2.6441480544381655, 0.0]]","[[0.0, 0.8687994112732658], [0.2480546738549736, 0.0]]",20,1000,1,1.0,1.0,1.0,1.0,1.5,1.5,,
1,dsgrn,fourier,10000,0.001,5000,100,8,30,16,10,0.1,32,"[[0.0, 0.28734219649814197], [0.193174322012849, 0.0]]","[[0.0, 0.7964211051709319], [2.798488914400767, 0.0]]","[[0.0, 0.4336109712456999], [0.42311501175168464, 0.0]]",20,1000,1,1.0,1.0,1.0,1.0,1.5,1.5,,
1,dsgrn,fourier,10000,0.001,5000,100,8,30,16,10,0.1,32,"[[0.0, 0.25141705211681364], [0.7288062222000897, 0.0]]","[[0.0, 1.4120262227525022], [2.0219666045243256, 0.0]]","[[0.0, 1.1967321398495394], [0.9600416468291815, 0.0]]",20,1000,1,1.0,1.0,1.0,1.0,1.5,1.5,,
1,dsgrn,fourier,10000,0.001,5000,100,8,30,16,10,0.1,32,"[[0.0, 0.5602324969381507], [0.1903968035250086, 0.0]]","[[0.0, 2.1323584174653205], [4.279127348302327, 0.0]]","[[0.0, 0.6501024659149242], [0.6247437443599445, 0.0]]",20,1000,1,1.0,1.0,1.0,1.0,1.5,1.5,,
1,dsgrn,fourier,10000,0.001,5000,100,8,30,16,10,0.1,32,"[[0.0, 2.060189516701244], [0.14467988381802077, 0.0]]","[[0.0, 4.507273258120727], [2.1215730091740266, 0.0]]","[[0.0, 2.029259084292295], [4.081520333807308, 0.0]]",20,1000,1,1.0,1.0,1.0,1.0,1.5,1.5,,
