Example,Noise UB,With FM PINN Rate,With FM PINN Count,With FM LS Rate,With FM LS Count,With FM Gap,No FM PINN Rate,No FM PINN Count,No FM LS Rate,No FM LS Count,No FM Gap,PINN Rate Diff (With-No),PINN Count Diff (With-No),With FM PINN Mean Rel Data Err,No FM PINN Mean Rel Data Err,PINN Mean Rel Data Err Diff (With-No),With FM PINN Data Loss,No FM PINN Data Loss,PINN Data Loss Diff (With-No)
ex3,ALL,0.96,576/600,1,600/600,-0.04,0.276667,166/600,1,600/600,-0.723333,0.683333,410,0.00373975,0.0307884,-0.0270487,0.00014756,0.00774082,-0.00759326
ex3,0,0.96,96/100,1,100/100,-0.04,0.28,28/100,1,100/100,-0.72,0.68,68,0.0025068,0.030148,-0.0276412,0.000121183,0.00758619,-0.007465
ex3,1,0.96,96/100,1,100/100,-0.04,0.28,28/100,1,100/100,-0.72,0.68,68,0.00266125,0.0301917,-0.0275304,0.000125169,0.00758504,-0.00745987
ex3,5,0.96,96/100,1,100/100,-0.04,0.28,28/100,1,100/100,-0.72,0.68,68,0.00258501,0.0302677,-0.0276827,0.000119694,0.00761619,-0.0074965
ex3,10,0.96,96/100,1,100/100,-0.04,0.27,27/100,1,100/100,-0.73,0.69,69,0.00304005,0.0306558,-0.0276157,0.000125794,0.00782061,-0.00769482
ex3,25,0.96,96/100,1,100/100,-0.04,0.28,28/100,1,100/100,-0.72,0.68,68,0.00439478,0.0310915,-0.0266967,0.000149984,0.00784466,-0.00769467
ex3,50,0.96,96/100,1,100/100,-0.04,0.27,27/100,1,100/100,-0.73,0.69,69,0.00725059,0.032376,-0.0251254,0.000243538,0.00799221,-0.00774867
